City_ID,City,Country,Date,Lat,Lng,Max Temp,Humidity,Cloudiness,Wind Speed
0,Inongo,CD,2022-09-28 18:54:27,-1.95,18.2667,69.39,95,83,2.95
1,Mar Del Plata,AR,2022-09-28 18:52:29,-38.0023,-57.5575,57.94,47,0,9.22
2,Thompson,CA,2022-09-28 18:54:28,55.7435,-97.8558,62.76,48,20,16.11
3,Hobart,AU,2022-09-28 18:50:45,-42.8794,147.3294,49.86,93,100,18.41
4,Busselton,AU,2022-09-28 18:54:29,-33.65,115.3333,55.18,87,3,10.63
5,Nanortalik,GL,2022-09-28 18:54:29,60.1432,-45.2371,42.21,97,100,4.68
6,Bluff,NZ,2022-09-28 18:54:29,-46.6,168.3333,49.8,90,100,13.24
7,Hermanus,ZA,2022-09-28 18:54:30,-34.4187,19.2345,52.81,81,100,3.44
8,Rikitea,PF,2022-09-28 18:49:36,-23.1203,-134.9692,71.51,60,97,11.65
9,New Norfolk,AU,2022-09-28 18:54:31,-42.7826,147.0587,49.5,84,100,1.01
10,Barrow,US,2022-09-28 18:54:31,71.2906,-156.7887,29.59,85,100,17.16
11,Awash,ET,2022-09-28 18:54:32,8.9833,40.1667,80.58,44,63,3.31
12,Kapaa,US,2022-09-28 18:53:09,22.0752,-159.319,81.1,73,14,3.0
13,Longyearbyen,SJ,2022-09-28 18:54:32,78.2186,15.6401,35.44,93,75,2.3
14,Vestmannaeyjar,IS,2022-09-28 18:54:33,63.4427,-20.2734,47.39,93,75,3.44
15,Ilulissat,GL,2022-09-28 18:54:33,69.2167,-51.1,35.46,100,100,1.81
16,Ushuaia,AR,2022-09-28 18:54:34,-54.8,-68.3,55.06,47,20,8.05
17,Anloga,GH,2022-09-28 18:54:34,5.7947,0.8973,76.75,86,100,9.08
18,Grafton,US,2022-09-28 18:54:34,42.207,-71.6856,70.16,60,94,1.99
19,Dingzhou,CN,2022-09-28 18:54:35,38.5131,114.9956,60.91,56,0,3.02
20,Constitucion,CL,2022-09-28 18:51:35,-35.3333,-72.4167,60.96,68,11,3.67
21,Nabire,ID,2022-09-28 18:54:35,-3.3667,135.4833,74.25,94,100,3.31
22,Hobyo,SO,2022-09-28 18:54:36,5.3505,48.5268,77.25,87,12,23.13
23,Victoria,HK,2022-09-28 18:54:36,22.2855,114.1577,84.38,79,60,13.0
24,Cape Town,ZA,2022-09-28 18:52:12,-33.9258,18.4232,61.27,72,0,9.22
25,Husavik,IS,2022-09-28 18:54:37,66.0449,-17.3389,41.79,78,73,1.48
26,Vytegra,RU,2022-09-28 18:54:37,61.0064,36.4481,40.37,93,100,14.63
27,Tuatapere,NZ,2022-09-28 18:54:38,-46.1333,167.6833,50.14,94,100,12.15
28,Belmonte,BR,2022-09-28 18:54:38,-15.8631,-38.8828,78.73,68,9,9.13
29,Nikolskoye,RU,2022-09-28 18:54:38,59.7035,30.7861,46.29,93,100,6.8
30,Boyabat,TR,2022-09-28 18:54:39,41.4689,34.7667,63.27,76,99,1.34
31,Dikson,RU,2022-09-28 18:54:39,73.5069,80.5464,34.59,82,62,16.6
32,Deputatskiy,RU,2022-09-28 18:54:40,69.3,139.9,13.08,98,100,1.39
33,Arraial Do Cabo,BR,2022-09-28 18:54:40,-22.9661,-42.0278,71.56,94,100,13.8
34,Vaini,TO,2022-09-28 18:54:40,-21.2,-175.2,68.16,94,40,9.22
35,Lorengau,PG,2022-09-28 18:54:41,-2.0226,147.2712,81.34,71,100,10.38
36,Kavieng,PG,2022-09-28 18:54:41,-2.5744,150.7967,81.91,69,99,13.18
37,Maningrida,AU,2022-09-28 18:54:42,-12.0667,134.2667,75.92,86,28,9.8
38,Port Alfred,ZA,2022-09-28 18:54:42,-33.5906,26.891,62.19,92,73,5.01
39,Ponta Do Sol,PT,2022-09-28 18:54:42,32.6667,-17.1,72.23,77,45,2.75
40,Bredasdorp,ZA,2022-09-28 18:54:43,-34.5322,20.0403,54.7,86,99,2.06
41,Mataura,NZ,2022-09-28 18:54:43,-46.1927,168.8643,49.48,99,100,4.63
42,Westport,US,2022-09-28 18:53:39,41.1415,-73.3579,70.92,60,30,7.0
43,Khatanga,RU,2022-09-28 18:54:44,71.9667,102.5,24.75,96,100,11.99
44,Punta Arenas,CL,2022-09-28 18:53:04,-53.15,-70.9167,57.31,44,0,31.07
45,Souillac,MU,2022-09-28 18:54:45,-20.5167,57.5167,70.18,68,75,10.36
46,Butaritari,KI,2022-09-28 18:54:45,3.0707,172.7902,80.92,77,100,15.01
47,Ribeira Grande,PT,2022-09-28 18:55:45,38.5167,-28.7,72.0,68,75,10.36
48,Bose,IT,2022-09-28 18:55:46,45.4612,8.0137,59.76,79,100,3.47
49,Coquimbo,CL,2022-09-28 18:54:49,-29.9533,-71.3436,62.33,67,40,8.05
50,Cherskiy,RU,2022-09-28 18:55:46,68.75,161.3,23.29,74,53,3.89
51,Huarmey,PE,2022-09-28 18:55:47,-10.0681,-78.1522,67.3,69,3,10.78
52,Kattivakkam,IN,2022-09-28 18:55:47,13.2167,80.3167,84.29,73,100,7.74
53,Arlit,NE,2022-09-28 18:55:47,18.7369,7.3853,100.26,10,51,8.81
54,Saint-Philippe,RE,2022-09-28 18:55:48,-21.3585,55.7679,69.39,72,73,11.88
55,Lebu,CL,2022-09-28 18:55:48,-37.6167,-73.65,57.38,69,0,13.38
56,Zhangye,CN,2022-09-28 18:55:49,38.9342,100.4517,62.2,24,0,3.94
57,Vila Velha,BR,2022-09-28 18:53:33,-20.3297,-40.2925,78.75,89,75,11.5
58,Anadyr,RU,2022-09-28 18:55:50,64.75,177.4833,30.7,92,75,6.71
59,Kirakira,SB,2022-09-28 18:55:50,-10.4544,161.9205,78.71,78,12,5.73
60,Manosque,FR,2022-09-28 18:55:50,43.8288,5.7869,61.56,77,12,8.5
61,Tiksi,RU,2022-09-28 18:55:51,71.6872,128.8694,29.52,84,100,6.96
62,Albany,US,2022-09-28 18:55:51,42.6001,-73.9662,66.63,74,70,9.51
63,Hasaki,JP,2022-09-28 18:55:52,35.7333,140.8333,68.4,61,100,5.1
64,Kaitangata,NZ,2022-09-28 18:55:53,-46.2817,169.8464,51.48,97,100,4.92
65,Nantucket,US,2022-09-28 18:55:53,41.2835,-70.0995,69.91,61,100,16.24
66,Half Moon Bay,US,2022-09-28 18:55:54,37.4636,-122.4286,80.58,72,0,14.97
67,Jamestown,US,2022-09-28 18:55:54,42.097,-79.2353,59.02,65,100,14.97
68,Saint George,US,2022-09-28 18:55:54,37.1041,-113.5841,82.94,35,40,4.0
69,Mayo,US,2022-09-28 18:55:55,38.8876,-76.5119,71.04,56,39,10.0
70,Bengkulu,ID,2022-09-28 18:55:55,-3.8004,102.2655,74.79,90,63,3.89
71,Ugoofaaru,MV,2022-09-28 18:55:56,5.6667,73.0,82.18,70,73,12.44
72,Cabo San Lucas,MX,2022-09-28 18:53:03,22.8909,-109.9124,92.61,75,0,1.01
73,Talnakh,RU,2022-09-28 18:55:56,69.4865,88.3972,20.5,80,81,3.2
74,Pisco,PE,2022-09-28 18:55:57,-13.7,-76.2167,65.01,72,6,11.5
75,Vostok,RU,2022-09-28 18:55:57,46.4856,135.8833,41.41,91,8,2.01
76,Cap Malheureux,MU,2022-09-28 18:55:58,-19.9842,57.6142,68.47,64,39,3.0
77,Sumbe,AO,2022-09-28 18:55:58,-11.2061,13.8437,72.57,86,76,6.58
78,Kudahuvadhoo,MV,2022-09-28 18:55:59,2.6708,72.8944,82.0,74,96,17.69
79,Reconquista,AR,2022-09-28 18:55:59,-29.15,-59.65,71.64,37,100,14.72
80,Cururupu,BR,2022-09-28 18:56:00,-1.8283,-44.8683,85.73,61,92,7.31
81,Harper,LR,2022-09-28 18:56:00,4.375,-7.7169,76.23,89,61,11.86
82,Jalingo,NG,2022-09-28 18:56:01,8.8833,11.3667,74.79,89,96,1.9
83,Ossora,RU,2022-09-28 18:56:01,59.2353,163.0719,42.73,83,100,2.82
84,Genhe,CN,2022-09-28 18:56:01,50.7833,121.5167,43.65,45,100,7.85
85,Bonavista,CA,2022-09-28 18:56:02,48.6499,-53.1147,60.93,97,100,14.43
86,Maniitsoq,GL,2022-09-28 18:56:02,65.4167,-52.9,42.62,86,100,9.82
87,Hithadhoo,MV,2022-09-28 18:56:03,-0.6,73.0833,80.74,72,100,10.98
88,Bairiki,KI,2022-09-28 18:56:03,1.3292,172.9752,77.0,100,75,4.61
89,Tibiri,NE,2022-09-28 18:56:04,13.5627,7.0485,84.54,65,0,6.91
90,Luba,GQ,2022-09-28 18:56:04,3.4568,8.5547,78.69,87,100,2.13
91,Bendigo,AU,2022-09-28 18:56:05,-36.7667,144.2833,47.86,61,1,7.0
92,Georgetown,MY,2022-09-28 18:54:37,5.4112,100.3354,80.53,91,20,2.3
93,San Vicente,AR,2022-09-28 18:56:06,-26.6167,-54.1333,64.06,76,100,6.35
94,Cabadiangan,PH,2022-09-28 18:57:06,9.7531,122.4739,77.31,86,98,1.14
95,Cap-Aux-Meules,CA,2022-09-28 18:57:07,47.3821,-61.8597,59.05,94,75,5.75
96,Lavrentiya,RU,2022-09-28 18:57:07,65.5833,-171.0,38.21,96,100,15.7
97,Consett,GB,2022-09-28 18:57:08,54.854,-1.8316,50.23,91,100,11.9
98,Yulara,AU,2022-09-28 18:57:08,-25.2406,130.9889,57.36,36,16,13.69
99,Hovd,MN,2022-09-28 18:57:09,48.0056,91.6419,44.6,50,2,9.24
100,Broome,US,2022-09-28 18:57:09,42.2506,-75.833,60.85,81,100,11.5
101,Carutapera,BR,2022-09-28 18:53:20,-1.195,-46.02,84.81,65,27,11.39
102,Monteagudo,BO,2022-09-28 18:57:10,-19.8167,-63.9833,55.71,89,100,6.91
103,Guerrero Negro,MX,2022-09-28 18:57:10,27.9769,-114.0611,85.86,50,5,3.31
104,Caravelas,BR,2022-09-28 18:57:11,-17.7125,-39.2481,79.16,68,0,11.5
105,Benjamin Constant,BR,2022-09-28 18:57:12,-4.3831,-70.0311,95.13,52,40,2.3
106,Provideniya,RU,2022-09-28 18:57:13,64.3833,-173.3,36.79,91,100,10.47
107,Vedeno,RU,2022-09-28 18:57:13,42.9703,46.095,63.23,40,100,3.83
108,Atuona,PF,2022-09-28 18:57:14,-9.8,-139.0333,76.64,76,9,21.85
109,Nizwa,OM,2022-09-28 18:57:14,22.9333,57.5333,79.68,63,1,8.5
110,Vardo,NO,2022-09-28 18:57:15,70.3705,31.1107,48.18,81,75,17.27
111,Usinsk,RU,2022-09-28 18:57:15,65.9939,57.5281,27.54,79,20,7.27
112,Thayetmyo,MM,2022-09-28 18:57:16,19.3167,95.1833,76.06,92,100,1.36
113,Santa Isabel Do Rio Negro,BR,2022-09-28 18:57:16,-0.4139,-65.0192,87.12,59,100,1.28
114,Zhigansk,RU,2022-09-28 18:57:17,66.7697,123.3711,27.86,84,83,5.44
115,Sitka,US,2022-09-28 18:57:17,57.0531,-135.33,57.63,79,88,1.43
116,Port Macquarie,AU,2022-09-28 18:57:18,-31.4333,152.9167,51.89,85,8,6.89
117,Troitsko-Pechorsk,RU,2022-09-28 18:57:18,62.7084,56.1964,27.28,75,80,2.95
118,Fortuna,US,2022-09-28 18:57:19,40.5982,-124.1573,62.92,90,100,0.63
119,Norman Wells,CA,2022-09-28 18:57:19,65.282,-126.8329,37.44,70,20,8.05
120,Upernavik,GL,2022-09-28 18:57:20,72.7868,-56.1549,31.77,94,100,8.46
121,Iwanai,JP,2022-09-28 18:57:20,42.9744,140.5089,59.23,92,0,4.03
122,Dapitan,PH,2022-09-28 18:57:21,8.6464,123.4208,78.21,81,100,2.01
123,Qaanaaq,GL,2022-09-28 18:57:22,77.484,-69.3632,27.79,91,100,9.33
124,Naze,JP,2022-09-28 18:57:23,28.3667,129.4833,72.52,79,0,5.12
125,Yellowknife,CA,2022-09-28 18:57:23,62.456,-114.3525,48.72,66,75,9.22
126,Swakopmund,NA,2022-09-28 18:57:24,-22.6833,14.5333,59.85,85,0,3.0
127,Kaoma,ZM,2022-09-28 18:57:24,-14.7833,24.8,72.48,27,42,7.05
128,Sur,OM,2022-09-28 18:57:25,22.5667,59.5289,80.65,76,1,14.23
129,Straumen,NO,2022-09-28 18:57:25,63.8709,11.2999,55.4,80,14,7.14
130,Codrington,AU,2022-09-28 18:57:26,-38.2667,141.9667,52.16,81,100,7.18
131,Pangnirtung,CA,2022-09-28 18:57:26,66.1451,-65.7125,33.8,80,75,10.36
132,Oyama,JP,2022-09-28 18:57:27,36.3,139.8,76.59,64,99,1.74
133,Qaqortoq,GL,2022-09-28 18:57:27,60.7167,-46.0333,43.56,95,100,0.51
134,Mahebourg,MU,2022-09-28 18:57:27,-20.4081,57.7,70.09,68,75,10.36
135,Tilichiki,RU,2022-09-28 18:57:28,60.4667,166.1,33.98,98,100,7.49
136,Tura,IN,2022-09-28 18:57:28,25.5198,90.2201,73.98,91,31,2.84
137,Lamu,KE,2022-09-28 18:54:22,-2.2717,40.902,77.22,80,20,15.99
138,Kundiawa,PG,2022-09-28 18:57:29,-6.0167,144.9667,57.96,97,39,3.36
139,Puerto Ayora,EC,2022-09-28 18:57:29,-0.7393,-90.3518,73.36,88,75,5.01
140,Sisimiut,GL,2022-09-28 18:57:30,66.9395,-53.6735,43.39,85,100,4.5
141,Suzhou,CN,2022-09-28 18:58:15,31.3114,120.6181,66.22,85,100,2.68
142,Akhmeta,GE,2022-09-28 18:58:31,42.0311,45.2075,75.72,31,100,6.31
143,Avarua,CK,2022-09-28 18:58:31,-21.2078,-159.775,77.05,88,75,11.5
144,Honiara,SB,2022-09-28 18:58:32,-9.4333,159.95,75.94,85,16,6.51
145,Rio Grande,BR,2022-09-28 18:54:47,-32.035,-52.0986,66.31,63,60,13.98
146,Port-Cartier,CA,2022-09-28 18:58:32,50.0334,-66.8654,53.82,86,100,9.26
147,Paracuru,BR,2022-09-28 18:58:33,-3.41,-39.0306,80.11,65,11,17.0
148,Moi,NO,2022-09-28 18:58:33,58.4567,6.5518,54.39,79,100,17.29
149,Paamiut,GL,2022-09-28 18:58:34,61.994,-49.6678,43.07,93,100,8.23
150,Bambous Virieux,MU,2022-09-28 18:58:34,-20.3428,57.7575,70.05,68,75,10.36
151,Kruisfontein,ZA,2022-09-28 18:58:35,-34.0033,24.7314,60.89,90,0,5.59
152,Moose Factory,CA,2022-09-28 18:58:35,51.2585,-80.6094,46.4,57,100,10.36
153,Eyl,SO,2022-09-28 18:58:35,7.9803,49.8164,78.6,81,11,19.69
154,Margate,GB,2022-09-28 18:58:36,51.3813,1.3862,53.69,75,100,1.01
155,Castro,BR,2022-09-28 18:58:36,-24.7911,-50.0119,53.1,95,100,8.57
156,San Borja,BO,2022-09-28 18:58:37,-14.8167,-66.85,98.62,32,75,4.27
157,East London,ZA,2022-09-28 18:58:37,-33.0153,27.9116,63.54,94,0,11.5
158,Zyryanovsk,KZ,2022-09-28 18:58:38,49.7386,84.2719,43.81,95,100,2.42
159,Lieksa,FI,2022-09-28 18:58:38,63.3167,30.0167,42.64,92,31,9.51
160,Shimoda,JP,2022-09-28 18:58:39,34.6667,138.95,68.11,80,94,1.77
161,Leh,IN,2022-09-28 18:58:39,34.1667,77.5833,52.47,42,29,5.03
162,Yarada,IN,2022-09-28 18:58:40,17.65,83.2667,80.92,94,40,2.3
163,Gympie,AU,2022-09-28 18:58:40,-26.1898,152.665,57.63,70,100,2.8
164,Leshukonskoye,RU,2022-09-28 18:58:40,64.8989,45.7622,29.25,75,0,5.28
165,Gushikawa,JP,2022-09-28 18:58:41,26.3544,127.8686,79.83,94,11,7.92
166,Lincoln,US,2022-09-28 18:56:36,40.8,-96.667,72.27,31,0,4.0
167,Tukuyu,TZ,2022-09-28 18:58:41,-9.25,33.65,60.51,72,5,2.04
168,Kodiak,US,2022-09-28 18:58:42,57.79,-152.4072,50.94,90,90,8.34
169,Moanda,GA,2022-09-28 18:58:42,-1.5575,13.2178,71.04,93,64,1.21
170,Ostrovnoy,RU,2022-09-28 18:58:42,68.0531,39.5131,38.44,86,100,9.28
171,Neiafu,TO,2022-09-28 18:58:43,-18.65,-173.9833,75.88,88,40,6.91
172,Vysokogornyy,RU,2022-09-28 18:58:43,50.1167,139.15,35.65,98,14,3.76
173,Ibra,OM,2022-09-28 18:58:44,22.6906,58.5334,78.22,71,24,6.71
174,Alofi,NU,2022-09-28 18:58:44,-19.0595,-169.9187,75.09,94,46,5.75
175,Carnarvon,AU,2022-09-28 18:58:44,-24.8667,113.6333,67.21,72,0,13.73
176,Hamilton,US,2022-09-28 18:58:45,39.1834,-84.5333,61.99,62,54,5.01
177,Walvis Bay,NA,2022-09-28 18:58:45,-22.9575,14.5053,59.95,77,0,3.44
178,Kiunga,PG,2022-09-28 18:58:46,-6.1219,141.2906,72.57,99,100,1.92
179,Alice Springs,AU,2022-09-28 18:58:46,-23.7,133.8833,44.15,65,0,2.3
180,Inndyr,NO,2022-09-28 18:58:46,67.0338,14.0276,50.95,70,99,7.83
181,Koslan,RU,2022-09-28 18:58:47,63.4564,48.8989,29.12,65,0,6.13
182,Shieli,KZ,2022-09-28 18:58:47,44.1667,66.75,57.56,40,100,10.98
183,Makakilo City,US,2022-09-28 18:58:48,21.3469,-158.0858,81.01,62,13,10.27
184,Qianan,CN,2022-09-28 18:58:48,44.9932,124.0581,53.74,62,19,6.76
185,The Valley,AI,2022-09-28 18:58:49,18.217,-63.0578,86.14,70,40,14.97
186,Tuktoyaktuk,CA,2022-09-28 18:58:49,69.4541,-133.0374,28.4,86,75,4.61
187,Gat,IL,2022-09-28 18:59:49,31.61,34.7642,77.81,100,0,5.75
188,Carauari,BR,2022-09-28 18:59:50,-4.8828,-66.8958,98.74,33,84,4.38
189,Port Hardy,CA,2022-09-28 18:59:50,50.6996,-127.4199,55.58,94,100,3.44
190,Ahipara,NZ,2022-09-28 18:59:50,-35.1667,173.1667,59.81,86,100,11.18
191,San Patricio,US,2022-09-28 18:59:51,28.017,-97.5169,89.17,34,4,13.62
192,Mwaya,TZ,2022-09-28 18:59:51,-9.55,33.95,75.29,66,29,3.85
193,La Primavera,CO,2022-09-28 18:59:52,5.4906,-70.4092,89.92,55,91,3.04
194,Esperance,AU,2022-09-28 18:59:52,-33.8667,121.9,51.64,88,100,13.02
195,Bubaque,GW,2022-09-28 18:59:52,11.2833,-15.8333,82.69,76,55,7.4
196,Vrangel,RU,2022-09-28 18:59:53,42.7297,133.0839,59.74,85,3,6.82
197,Bethel,US,2022-09-28 18:59:53,41.3712,-73.414,70.57,64,68,1.99
198,Artyom,AZ,2022-09-28 18:59:54,40.4723,50.333,73.54,82,2,9.15
199,Togul,RU,2022-09-28 18:59:54,53.465,85.9128,33.51,92,100,6.89
200,Fuzhou,CN,2022-09-28 18:59:54,26.0614,119.3061,78.69,96,14,2.51
201,Padang,ID,2022-09-28 18:59:55,-0.9492,100.3543,77.05,87,100,4.56
202,Los Llanos De Aridane,ES,2022-09-28 18:59:55,28.6585,-17.9182,70.12,94,100,10.36
203,Malindi,KE,2022-09-28 18:59:56,-3.2175,40.1191,77.16,73,40,13.8
204,Myitkyina,MM,2022-09-28 19:00:00,25.3833,97.4,75.47,87,4,1.43
205,Sola,VU,2022-09-28 19:00:00,-13.8833,167.55,80.53,70,93,18.84
206,Sistranda,NO,2022-09-28 19:00:01,63.7256,8.834,53.56,73,36,5.59
207,Lompoc,US,2022-09-28 19:00:02,34.6391,-120.4579,91.02,69,2,5.01
208,Fairbanks,US,2022-09-28 18:55:32,64.8378,-147.7164,46.09,65,100,7.36
209,Richards Bay,ZA,2022-09-28 19:00:06,-28.783,32.0377,70.95,82,6,9.24
210,Dolores,AR,2022-09-28 19:00:07,-36.3132,-57.6792,63.77,31,0,6.67
211,Lagoa,PT,2022-09-28 19:00:07,39.05,-27.9833,68.88,69,100,14.18
212,Clyde River,CA,2022-09-28 19:00:08,70.4692,-68.5914,26.28,65,1,4.07
213,Pangai,TO,2022-09-28 19:00:09,-19.8,-174.35,74.12,73,12,24.09
214,Posse,BR,2022-09-28 19:00:12,-14.0931,-46.3694,93.15,17,76,0.47
215,Nome,US,2022-09-28 18:58:47,64.5011,-165.4064,40.15,84,100,17.34
216,Cabra,ES,2022-09-28 19:00:13,37.4725,-4.4421,67.57,49,6,10.94
217,Lisakovsk,KZ,2022-09-28 19:00:14,52.5369,62.4936,30.97,63,19,6.4
218,Macusani,PE,2022-09-28 19:00:15,-14.0833,-70.4333,49.48,50,53,8.61
219,Havre-Saint-Pierre,CA,2022-09-28 19:00:16,50.2334,-63.5986,53.33,86,12,9.31
220,Chumikan,RU,2022-09-28 19:00:16,54.7183,135.315,34.38,67,0,11.81
221,Labuhan,ID,2022-09-28 19:00:17,-6.8844,112.2051,77.81,79,50,8.16
222,Panaba,MX,2022-09-28 19:00:18,21.2833,-88.2667,87.12,55,63,13.73
223,Benguela,AO,2022-09-28 19:00:19,-12.5763,13.4055,72.01,82,97,5.06
224,Sulangan,PH,2022-09-28 19:00:20,11.1373,123.7228,82.47,74,97,4.03
225,Porto Walter,BR,2022-09-28 19:00:21,-8.2686,-72.7439,97.38,30,100,3.47
226,Poum,NC,2022-09-28 19:00:21,-20.2333,164.0167,77.02,81,100,16.2
227,Contamana,PE,2022-09-28 19:00:22,-7.3333,-75.0167,101.44,24,94,4.92
228,Vagur,FO,2022-09-28 19:00:23,61.4732,-6.8119,49.01,82,100,4.59
229,Tasiilaq,GL,2022-09-28 19:00:24,65.6145,-37.6368,35.76,99,100,5.73
230,Shenjiamen,CN,2022-09-28 19:00:24,29.9576,122.298,72.81,88,75,3.29
231,Yarensk,RU,2022-09-28 19:00:25,62.1675,49.0916,29.82,68,2,7.16
232,Manaure,CO,2022-09-28 19:00:26,11.7751,-72.4445,87.84,62,66,7.0
233,Katsuura,JP,2022-09-28 19:00:27,35.1333,140.3,71.6,65,100,3.22
234,Severo-Kurilsk,RU,2022-09-28 19:01:27,50.6789,156.125,50.23,75,100,12.8
235,Olafsvik,IS,2022-09-28 19:01:28,64.8945,-23.7142,48.11,91,100,8.57
236,Ca Mau,VN,2022-09-28 19:01:28,9.1769,105.15,77.25,90,100,12.1
237,Yar-Sale,RU,2022-09-28 19:01:29,66.8333,70.8333,26.6,91,82,8.93
238,Guayaramerin,BO,2022-09-28 19:01:30,-10.8368,-65.3614,91.35,43,100,1.99
239,Weihe,CN,2022-09-28 19:01:30,32.9952,105.3247,57.9,93,94,1.83
240,Argenta,IT,2022-09-28 19:01:31,44.6124,11.8356,68.65,68,8,14.38
241,Sungaipenuh,ID,2022-09-28 19:01:31,-2.0833,101.3833,62.78,96,100,1.59
242,Meulaboh,ID,2022-09-28 19:01:32,4.1363,96.1285,73.36,94,100,3.58
243,Torbay,CA,2022-09-28 19:01:33,47.6666,-52.7314,68.76,97,100,14.97
244,Seydi,TM,2022-09-28 19:01:34,39.4816,62.9137,64.92,27,98,13.67
245,Svejbaek,DK,2022-09-28 19:01:34,56.1325,9.6329,50.2,96,100,2.46
246,Geraldton,AU,2022-09-28 19:01:34,-28.7667,114.6,50.41,87,0,4.61
247,Sangar,RU,2022-09-28 19:01:35,63.9242,127.4739,26.01,94,71,8.68
248,Grimshaw,CA,2022-09-28 19:01:35,56.1834,-117.6027,72.12,34,11,6.73
249,Shamkhal,RU,2022-09-28 19:01:36,43.0596,47.3373,64.38,83,65,2.98
250,Saint-Joseph,RE,2022-09-28 19:01:36,-21.3667,55.6167,68.38,72,51,12.55
251,Polunochnoye,RU,2022-09-28 19:01:37,60.8697,60.4153,23.16,91,78,3.96
252,Nelidovo,RU,2022-09-28 19:01:37,56.2211,32.7774,43.52,87,100,2.93
253,Zhanakorgan,KZ,2022-09-28 19:01:38,43.9098,67.2495,58.8,37,100,15.41
254,Sioux Lookout,CA,2022-09-28 19:01:39,50.1001,-91.917,56.82,29,98,8.84
255,Aranos,NA,2022-09-28 18:59:39,-24.1333,19.1167,79.41,18,40,11.68
256,Itarema,BR,2022-09-28 19:01:39,-2.9248,-39.9167,82.47,64,10,19.66
257,Poli,TZ,2022-09-28 19:01:40,-3.3333,36.8,62.06,60,94,9.4
258,Palampur,IN,2022-09-28 19:01:40,32.1167,76.5333,63.9,73,0,4.52
259,Revda,RU,2022-09-28 19:01:41,56.801,59.9303,13.39,97,11,1.88
260,Haines Junction,CA,2022-09-28 19:01:41,60.7522,-137.5108,44.85,68,16,2.1
261,Kavaratti,IN,2022-09-28 19:01:42,10.5669,72.642,81.37,74,54,12.75
262,Rodrigues Alves,BR,2022-09-28 19:01:42,-7.738,-72.6509,91.76,42,100,2.53
263,Tarauaca,BR,2022-09-28 19:01:43,-8.1614,-70.7656,91.17,45,98,4.29
264,Voh,NC,2022-09-28 19:01:46,-20.9667,164.7,71.42,90,100,5.44
265,Wajima,JP,2022-09-28 19:01:47,37.4,136.9,67.93,75,100,2.37
266,Minas,UY,2022-09-28 19:01:47,-34.3759,-55.2377,59.77,44,17,13.85
267,Thai Binh,VN,2022-09-28 19:01:47,20.45,106.3333,75.87,95,100,10.25
268,Araouane,ML,2022-09-28 19:01:48,18.9048,-3.5265,102.63,11,44,3.47
269,Sinnamary,GF,2022-09-28 19:01:48,5.3833,-52.95,84.51,68,91,13.2
270,Asau,RO,2022-09-28 19:01:50,46.4333,26.4,58.28,84,19,4.99
271,Teknaf,BD,2022-09-28 19:01:50,20.8624,92.3058,79.27,86,96,2.51
272,Peleduy,RU,2022-09-28 19:01:51,59.6289,112.7406,27.16,83,100,6.26
273,High Prairie,CA,2022-09-28 19:00:03,55.4334,-116.4858,73.49,32,19,4.09
274,Bellavista,PE,2022-09-28 19:01:51,-7.0561,-76.5911,99.55,27,65,2.8
275,Honningsvag,NO,2022-09-28 19:01:52,70.9821,25.9704,47.95,81,100,10.36
276,Lerwick,GB,2022-09-28 19:01:52,60.1545,-1.1494,48.2,88,100,6.35
277,Port Lincoln,AU,2022-09-28 19:00:32,-34.7333,135.8667,53.17,70,81,9.33
278,Umm Lajj,SA,2022-09-28 19:01:53,25.0213,37.2685,86.83,53,0,4.7
279,Sal Rei,CV,2022-09-28 19:02:53,16.1833,-22.9167,84.4,74,20,13.8
280,Swabi,PK,2022-09-28 19:01:25,34.1199,72.4699,75.0,69,9,5.32
281,Gallup,US,2022-09-28 19:02:54,35.5281,-108.7426,76.01,28,0,1.01
282,Pulau Sebang,MY,2022-09-28 19:02:54,2.455,102.2329,75.49,91,100,4.52
283,San Quintin,MX,2022-09-28 19:02:55,30.4833,-115.95,77.45,68,1,7.87
284,Fonte Boa,BR,2022-09-28 19:02:55,-2.4959,-66.2662,87.85,58,98,2.95
285,Auki,SB,2022-09-28 19:02:56,-8.7676,160.7034,75.04,84,28,5.48
286,Saint-Georges,GD,2022-09-28 19:00:52,12.0564,-61.7485,83.88,68,100,7.54
287,Hilo,US,2022-09-28 19:02:57,19.7297,-155.09,87.28,75,63,1.01
288,Belaya Gora,RU,2022-09-28 19:02:57,68.5333,146.4167,23.47,89,92,6.51
289,Amuntai,ID,2022-09-28 19:02:58,-2.4177,115.2494,74.95,92,100,0.89
290,Taunggyi,MM,2022-09-28 19:02:58,20.7833,97.0333,62.2,91,91,1.95
291,Oskemen,KZ,2022-09-28 19:02:59,49.9565,82.6119,38.39,97,100,7.16
292,Imbituba,BR,2022-09-28 19:02:59,-28.24,-48.6703,65.26,67,100,10.02
293,Port Elizabeth,ZA,2022-09-28 18:59:23,-33.918,25.5701,63.1,88,20,24.16
294,Balykshi,KZ,2022-09-28 19:03:00,47.0667,51.8667,71.6,33,40,24.61
295,Oriximina,BR,2022-09-28 18:59:29,-1.7656,-55.8661,97.74,32,62,9.06
296,Sant Feliu De Guixols,ES,2022-09-28 18:58:22,41.7833,3.0333,72.14,40,11,8.1
297,Miraflores,MX,2022-09-28 19:03:00,19.2167,-98.8083,68.97,63,97,4.83
298,Cidreira,BR,2022-09-28 19:03:01,-30.1811,-50.2056,64.02,67,99,12.57
299,Ahome,MX,2022-09-28 19:03:01,25.9167,-109.1833,93.04,46,5,1.36
300,Iskateley,RU,2022-09-28 19:03:01,67.6803,53.1512,28.2,73,73,7.16
301,Sorsk,RU,2022-09-28 19:03:02,54.0033,90.2467,33.66,89,100,2.01
302,Fare,PF,2022-09-28 19:03:02,-16.7,-151.0167,78.4,72,9,15.28
303,Pensacola,US,2022-09-28 19:02:49,30.4213,-87.2169,82.13,36,0,14.0
304,Faanui,PF,2022-09-28 19:03:03,-16.4833,-151.75,78.51,72,3,13.49
305,Gao,ML,2022-09-28 19:03:03,16.6362,1.637,98.31,21,74,11.52
306,Thinadhoo,MV,2022-09-28 19:03:04,0.5333,72.9333,81.64,71,100,15.05
307,Isangel,VU,2022-09-28 19:03:04,-19.55,169.2667,74.44,70,100,9.44
308,Svetlogorsk,BY,2022-09-28 19:03:05,52.6333,29.7333,49.57,93,47,11.34
309,Pevek,RU,2022-09-28 19:03:05,69.7008,170.3133,25.54,71,94,3.22
310,Coromandel,BR,2022-09-28 19:02:55,-18.4733,-47.2003,82.71,42,49,4.27
311,Wad Rawah,SD,2022-09-28 19:03:06,15.1603,33.1397,95.97,21,40,1.7
312,Galesong,ID,2022-09-28 19:03:06,-5.3166,119.3661,75.22,78,99,5.21
313,Balkanabat,TM,2022-09-28 19:03:07,39.5108,54.3671,80.01,19,0,11.48
314,Muros,ES,2022-09-28 19:03:07,42.7762,-9.0603,64.17,79,100,8.59
315,Mackay,AU,2022-09-28 19:03:08,-21.15,149.2,65.68,92,100,6.85
316,Karratha,AU,2022-09-28 19:03:08,-20.7377,116.8463,70.11,67,0,8.75
317,Corinto,GR,2022-09-28 19:03:09,37.9407,22.9573,77.9,62,0,8.3
318,La Ronge,CA,2022-09-28 19:00:36,55.1001,-105.2842,67.95,41,33,3.67
319,Sukumo,JP,2022-09-28 19:03:09,32.9333,132.7333,69.24,92,76,4.43
320,Anyang,CN,2022-09-28 19:03:10,36.0994,114.3289,70.18,37,0,4.52
321,Sydney Mines,CA,2022-09-28 19:04:10,46.2367,-60.2177,68.18,95,100,6.91
322,Saint-Augustin,CA,2022-09-28 19:04:11,51.226,-58.6502,60.08,74,20,13.58
323,Komsomolskiy,UZ,2022-09-28 19:04:11,40.4272,71.7189,63.32,45,62,6.91
324,Kaeo,NZ,2022-09-28 19:04:12,-35.1,173.7833,59.32,93,100,8.01
325,Strausberg,DE,2022-09-28 19:04:12,52.5786,13.8874,51.67,99,100,6.82
326,Gazanjyk,TM,2022-09-28 19:04:12,39.2446,55.5154,75.33,21,0,13.96
327,Kaniama,CD,2022-09-28 19:04:13,-7.5667,24.1833,66.45,89,100,5.21
328,Hisar,IN,2022-09-28 19:04:13,29.1667,75.7167,80.44,62,0,5.57
329,Mahibadhoo,MV,2022-09-28 19:04:14,3.7833,72.9667,81.86,73,85,18.01
330,Cayenne,GF,2022-09-28 19:00:08,4.9333,-52.3333,89.64,55,0,13.8
331,Sarangani,PH,2022-09-28 19:04:14,5.4033,125.4636,82.33,77,100,12.15
332,Portland,US,2022-09-28 19:04:15,45.5234,-122.6762,66.45,83,75,6.91
333,Morant Bay,JM,2022-09-28 19:04:15,17.8815,-76.4093,87.71,77,100,6.91
334,Phonhong,LA,2022-09-28 19:04:16,18.5007,102.4166,72.81,91,100,2.01
335,Hami,CN,2022-09-28 19:04:16,42.8,93.45,67.14,35,100,13.4
336,Ucluelet,CA,2022-09-28 19:00:34,48.9329,-125.5528,59.31,93,100,5.55
337,Ambilobe,MG,2022-09-28 19:04:17,-13.2,49.05,71.56,72,46,4.7
338,Ulladulla,AU,2022-09-28 19:04:17,-35.35,150.4667,57.33,92,100,13.09
339,Oistins,BB,2022-09-28 19:04:17,13.0667,-59.5333,86.09,70,40,9.22
340,Chuy,UY,2022-09-28 19:04:18,-33.6971,-53.4616,58.19,55,0,12.19
341,Marsala,IT,2022-09-28 19:04:19,37.7966,12.4352,70.9,67,86,11.92
342,Cravo Norte,CO,2022-09-28 19:04:19,6.3017,-70.2041,85.77,63,97,3.58
343,Rassvet,RU,2022-09-28 19:04:19,46.8333,40.75,66.29,57,100,12.35
344,Opalenica,PL,2022-09-28 19:01:19,52.3089,16.4128,48.18,89,100,7.14
345,Namatanai,PG,2022-09-28 19:04:20,-3.6667,152.4333,78.17,78,100,7.81
346,Khetri,IN,2022-09-28 19:04:20,27.9833,75.8,79.16,50,0,2.55
347,Eresos,GR,2022-09-28 19:04:21,39.1667,25.9333,72.9,84,0,12.88
348,Gunjur,GM,2022-09-28 19:04:21,13.2019,-16.7339,84.27,79,40,11.5
349,Sharjah,AE,2022-09-28 19:04:22,25.3573,55.4033,89.89,58,0,4.61
350,Hanko,FI,2022-09-28 19:04:22,59.8333,22.95,45.14,75,46,19.22
351,Teya,RU,2022-09-28 19:04:23,60.3778,92.6267,30.2,93,100,4.43
352,Pastavy,BY,2022-09-28 19:04:23,55.1168,26.8326,46.89,94,100,8.93
353,West Wendover,US,2022-09-28 19:01:49,40.7391,-114.0733,79.95,18,14,4.34
354,Matay,EG,2022-09-28 19:04:24,28.419,30.7792,88.3,25,0,9.04
355,Pochutla,MX,2022-09-28 19:04:24,15.7432,-96.4661,88.83,70,41,6.89
356,Kirkuk,IQ,2022-09-28 19:04:25,35.4681,44.3922,81.95,13,0,7.52
357,Pryazha,RU,2022-09-28 19:04:25,61.6926,33.6216,45.63,87,100,12.06
358,Shingu,JP,2022-09-28 19:04:25,33.7333,135.9833,69.37,89,89,3.58
359,Gasa,PS,2022-09-28 19:01:00,31.5,34.4667,72.88,62,0,7.27
360,Qeshm,IR,2022-09-28 19:04:26,26.9581,56.2719,87.67,80,4,9.19
361,Romanovo,RU,2022-09-28 19:04:26,52.6182,81.2271,32.11,84,100,4.07
362,Nishihara,JP,2022-09-28 19:04:27,26.1842,127.7558,79.88,84,20,6.91
363,Linxia,CN,2022-09-28 19:04:27,35.6003,103.2064,55.08,52,1,4.07
364,Rorvik,NO,2022-09-28 19:04:28,64.8621,11.2373,51.91,76,0,9.22
365,Prokopyevsk,RU,2022-09-28 19:04:28,53.9059,86.719,34.77,86,100,5.26
366,Kahului,US,2022-09-28 19:04:28,20.8947,-156.47,84.22,65,20,18.41
367,Leningradskiy,RU,2022-09-28 19:05:29,69.3833,178.4167,18.54,87,73,5.97
368,Lobatse,BW,2022-09-28 19:05:29,-25.2167,25.6667,72.01,26,0,8.79
369,Aden,YE,2022-09-28 19:05:29,12.7794,45.0367,88.18,65,66,4.18
370,Port Hedland,AU,2022-09-28 19:05:30,-20.3167,118.5667,62.65,82,12,4.61
371,Noumea,NC,2022-09-28 19:05:30,-22.2763,166.4572,77.0,99,72,5.77
372,Tombouctou,ML,2022-09-28 19:05:31,20.0,-3.0,100.24,12,7,5.75
373,Rakaia,NZ,2022-09-28 19:05:31,-43.75,172.0167,59.29,72,100,13.44
374,Cascais,PT,2022-09-28 19:05:31,38.6979,-9.4215,67.35,92,40,32.99
375,Chingirlau,KZ,2022-09-28 19:05:32,51.095,54.0814,53.94,60,100,16.13
376,Hit,IQ,2022-09-28 19:05:32,33.6416,42.8251,80.67,20,0,11.61
377,Hofn,IS,2022-09-28 19:05:33,64.2539,-15.2082,45.63,64,100,2.06
378,Sayyan,YE,2022-09-28 19:05:33,15.1718,44.3244,64.4,26,27,7.14
379,Bulgan,MN,2022-09-28 19:05:34,48.8125,103.5347,41.81,84,100,3.33
380,Alappuzha,IN,2022-09-28 19:05:35,9.49,76.3264,79.0,86,75,7.25
381,Urucara,BR,2022-09-28 19:05:35,-2.5364,-57.76,104.59,19,12,5.03
382,Amahai,ID,2022-09-28 19:05:36,-3.3333,128.9167,77.31,86,86,2.95
383,Sahibganj,IN,2022-09-28 19:05:36,25.25,87.65,84.18,70,100,2.82
384,San Andres,CO,2022-09-28 19:02:34,12.5847,-81.7006,83.82,69,39,3.69
385,Klaksvik,FO,2022-09-28 19:05:37,62.2266,-6.589,43.72,85,100,12.55
386,Laukaa,RU,2022-09-28 19:05:37,58.7372,29.8453,45.01,93,100,5.99
387,Sheksna,RU,2022-09-28 19:05:38,59.21,38.5107,37.36,96,100,14.92
388,Saint Pete Beach,US,2022-09-28 19:01:27,27.7253,-82.7412,75.25,85,100,43.73
389,Guaira,BR,2022-09-28 19:05:10,-20.3183,-48.3106,74.14,64,100,10.94
390,Narsaq,GL,2022-09-28 19:05:39,60.9167,-46.05,44.82,91,100,2.42
391,Ayr,GB,2022-09-28 19:05:39,55.4627,-4.6339,56.32,71,100,8.05
392,Payson,US,2022-09-28 19:05:40,40.0444,-111.7321,78.46,38,20,12.66
393,Dudinka,RU,2022-09-28 19:05:40,69.4058,86.1778,20.84,94,85,6.49
394,Bilma,NE,2022-09-28 19:05:40,18.6853,12.9164,94.39,11,45,8.01
395,Nogales,MX,2022-09-28 19:04:18,31.3086,-110.9422,85.57,30,20,13.8
396,Kirensk,RU,2022-09-28 19:05:41,57.7853,108.1119,31.73,85,100,2.21
397,Japura,ID,2022-09-28 19:05:41,-0.3167,102.35,73.92,96,100,1.12
398,Ixtapa,MX,2022-09-28 19:04:59,20.7,-105.2,90.23,79,40,6.91
399,Mogadouro,PT,2022-09-28 19:05:42,41.3403,-6.7119,59.25,65,87,11.86
400,Aswan,EG,2022-09-28 19:05:42,24.0934,32.907,95.29,13,1,10.31
401,Port-Gentil,GA,2022-09-28 19:05:43,-0.7193,8.7815,78.76,78,40,11.5
402,Gamba,GA,2022-09-28 19:05:43,-2.65,10.0,74.88,84,22,4.94
403,Namibe,AO,2022-09-28 19:05:44,-15.1961,12.1522,64.27,80,12,1.3
404,Saldanha,ZA,2022-09-28 19:05:44,-33.0117,17.9442,59.85,80,100,17.69
405,Namuac,PH,2022-09-28 19:05:44,18.6109,121.1657,78.73,86,4,3.78
406,Zhangjiakou,CN,2022-09-28 19:05:45,40.81,114.8794,59.97,58,6,1.97
407,Rafai,CF,2022-09-28 19:05:45,4.95,23.9167,68.81,94,43,1.25
408,Vila Franca Do Campo,PT,2022-09-28 19:05:46,37.7167,-25.4333,72.19,71,100,9.13
409,Buin,CL,2022-09-28 19:05:46,-33.7333,-70.75,77.43,44,100,6.64
410,Shancheng,CN,2022-09-28 19:05:47,34.7953,116.0817,63.36,72,0,7.09
411,Christchurch,NZ,2022-09-28 19:05:47,-43.5333,172.6333,61.32,67,100,10.36
412,Ngama,TD,2022-09-28 19:05:48,11.7833,17.1667,83.14,65,51,6.89
413,Guna,IN,2022-09-28 19:05:48,24.65,77.3167,75.85,72,9,3.11
414,Buala,SB,2022-09-28 19:06:48,-8.145,159.5921,80.19,74,86,8.84
415,Biak,ID,2022-09-28 19:06:49,-0.9131,122.8766,75.79,86,99,0.13
416,Birao,CF,2022-09-28 19:06:49,10.2849,22.7882,74.1,77,16,3.31
417,Dhidhdhoo,MV,2022-09-28 19:05:55,6.8833,73.1,81.63,72,70,11.61
418,Quatre Cocos,MU,2022-09-28 19:06:50,-20.2078,57.7625,69.91,70,18,15.57
419,Tolaga Bay,NZ,2022-09-28 19:06:50,-38.3667,178.3,53.65,83,100,5.97
420,Celestun,MX,2022-09-28 19:06:51,20.8667,-90.4,84.18,65,32,15.39
421,Okhotsk,RU,2022-09-28 19:06:51,59.3833,143.3,40.33,85,100,11.48
422,Kokstad,ZA,2022-09-28 19:06:51,-30.5472,29.4241,59.43,88,100,1.83
423,Salalah,OM,2022-09-28 19:06:52,17.0151,54.0924,78.19,85,57,6.06
424,Zhicheng,CN,2022-09-28 19:06:52,30.2956,111.5047,68.95,71,77,2.86
425,Kathu,TH,2022-09-28 19:06:53,7.9178,98.3332,83.75,82,100,20.94
426,Puerto Leguizamo,CO,2022-09-28 19:06:53,-0.1934,-74.7819,87.24,57,97,2.62
427,Batagay-Alyta,RU,2022-09-28 19:06:53,67.8006,130.4114,20.88,96,99,2.64
428,Noyabrsk,RU,2022-09-28 19:06:54,63.1994,75.4507,25.5,75,8,10.2
429,Willowbrook,US,2022-09-28 19:06:54,33.917,-118.2551,102.58,65,0,11.5
430,Port Shepstone,ZA,2022-09-28 19:06:55,-30.7414,30.455,69.39,91,100,12.08
431,Srednekolymsk,RU,2022-09-28 19:06:55,67.45,153.6833,28.42,62,100,7.38
432,Qasigiannguit,GL,2022-09-28 19:06:55,68.8193,-51.1922,37.65,100,100,4.21
433,Mae Sai,TH,2022-09-28 19:06:56,20.4335,99.8762,74.95,78,100,2.39
434,Turangi,NZ,2022-09-28 19:06:56,-39.0,175.9333,46.26,94,100,0.67
435,Port Blair,IN,2022-09-28 19:06:57,11.6667,92.75,81.0,82,100,12.15
436,Katangli,RU,2022-09-28 19:06:57,51.7102,143.2326,36.41,88,5,11.12
437,Fujin,CN,2022-09-28 19:06:57,47.26,132.0322,42.21,68,98,5.86
438,Salym,RU,2022-09-28 19:06:58,60.0625,71.4789,25.41,86,65,6.22
439,Ascension,US,2022-09-28 19:06:58,30.2169,-90.9001,85.08,32,0,11.5
440,Marsabit,KE,2022-09-28 19:06:59,2.3284,37.9899,72.73,35,77,18.1
441,Zvishavane,ZW,2022-09-28 19:06:59,-20.3267,30.0665,71.29,40,0,10.33
442,Aksha,RU,2022-09-28 19:06:59,50.2814,113.2867,43.93,73,81,17.05
443,Kuusamo,FI,2022-09-28 19:07:00,65.9667,29.1833,42.84,87,100,5.75
444,Taketa,JP,2022-09-28 19:07:00,32.9652,131.3785,66.79,96,82,2.57
445,Gladstone,AU,2022-09-28 19:02:37,-23.85,151.25,64.33,94,100,5.75
446,Daokou,CN,2022-09-28 19:07:01,35.5639,114.5058,66.52,37,0,8.52
447,Te Anau,NZ,2022-09-28 19:07:01,-45.4167,167.7167,52.79,98,100,1.05
448,Baghdad,IQ,2022-09-28 19:02:20,33.3406,44.4009,84.58,17,0,12.68
449,Tsumeb,NA,2022-09-28 19:07:02,-19.2333,17.7167,82.2,12,87,8.75
450,Sao Joao Da Barra,BR,2022-09-28 19:03:42,-21.6403,-41.0511,74.28,80,100,12.73
451,Nouadhibou,MR,2022-09-28 19:07:03,20.931,-17.0347,77.92,75,90,21.85
452,Piacabucu,BR,2022-09-28 19:07:03,-10.4056,-36.4344,78.76,70,6,10.71
453,Wanning,CN,2022-09-28 19:07:03,18.8003,110.3967,78.66,89,100,7.67
454,Sibolga,ID,2022-09-28 19:07:04,1.7427,98.7792,74.17,92,100,3.71
455,Krasnovishersk,RU,2022-09-28 19:07:04,60.4078,57.082,26.56,75,18,3.71
456,Roma,US,2022-09-28 19:07:05,43.2128,-75.4557,62.73,83,100,10.36
457,Brodokalmak,RU,2022-09-28 19:07:05,55.5748,62.082,23.9,84,1,0.22
458,Sao Filipe,CV,2022-09-28 19:07:06,14.8961,-24.4956,81.0,81,100,7.65
459,Beisfjord,NO,2022-09-28 19:07:06,68.3751,17.5988,47.05,78,14,7.56
460,Peniche,PT,2022-09-28 19:07:07,39.3558,-9.3811,66.29,87,23,16.58
461,Camopi,GF,2022-09-28 19:07:07,3.1655,-52.3158,98.15,25,91,4.65
462,Taltal,CL,2022-09-28 19:07:07,-25.4,-70.4833,62.1,59,22,5.84
463,Palmeira,BR,2022-09-28 19:08:08,-25.4294,-50.0064,54.82,85,100,10.09
464,Palmer,US,2022-09-28 19:08:08,42.1584,-72.3287,69.48,57,93,1.99
465,Manzil Kamil,TN,2022-09-28 19:08:09,35.6248,10.6673,76.44,61,20,9.22
466,Sukhothai,TH,2022-09-28 19:08:09,17.25,99.6667,74.75,96,100,6.06
467,De-Kastri,RU,2022-09-28 19:08:09,51.4667,140.7833,37.96,83,0,5.59
468,Beringovskiy,RU,2022-09-28 19:08:10,63.05,179.3167,32.79,80,100,16.71
469,Lulindi,TZ,2022-09-28 19:08:10,-10.8167,39.1333,68.68,75,1,7.52
470,Nemuro,JP,2022-09-28 19:08:11,43.3236,145.575,57.34,75,0,7.2
471,Omboue,GA,2022-09-28 19:08:11,-1.5746,9.2618,75.34,85,34,5.99
472,Derzhavinsk,KZ,2022-09-28 19:08:12,51.1,66.3167,33.37,51,99,7.05
473,Santo Antonio Da Platina,BR,2022-09-28 19:08:13,-23.295,-50.0772,61.77,93,100,10.33
474,Roald,NO,2022-09-28 19:08:13,62.5833,6.1333,54.34,93,0,3.44
475,Zemio,CF,2022-09-28 19:08:14,5.0314,25.1361,70.23,94,100,0.07
476,Guarapari,BR,2022-09-28 19:08:14,-20.6667,-40.4975,74.89,95,100,6.22
477,Atar,MR,2022-09-28 19:08:15,20.5169,-13.0499,98.65,20,26,10.09
478,Fermo,IT,2022-09-28 19:08:15,43.1647,13.7233,65.71,72,5,6.08
479,Mehamn,NO,2022-09-28 19:08:15,71.0357,27.8492,46.35,81,0,9.22
480,Kenai,US,2022-09-28 19:08:16,60.5544,-151.2583,51.89,71,100,17.27
481,Kilifarevo,BG,2022-09-28 19:08:16,42.9833,25.6333,63.21,100,20,2.3
482,Aloleng,PH,2022-09-28 19:08:16,16.1307,119.7824,77.9,89,100,5.82
483,Airai,TL,2022-09-28 19:08:17,-8.9266,125.4092,61.36,89,86,1.68
484,Natal,BR,2022-09-28 19:04:21,-5.795,-35.2094,79.95,66,3,13.22
485,Gravdal,NO,2022-09-28 19:08:18,68.1214,13.5031,42.69,81,0,2.3
486,Yanji,CN,2022-09-28 19:08:18,42.9075,129.5078,55.89,78,5,3.31
487,Mojo,ET,2022-09-28 19:08:18,8.6,39.1167,64.04,63,63,5.79
488,Chokurdakh,RU,2022-09-28 19:08:19,70.6333,147.9167,19.65,84,36,5.68
489,Maceio,BR,2022-09-28 19:03:19,-9.6658,-35.7353,76.44,88,75,6.91
490,Villa Maria,AR,2022-09-28 19:08:19,-32.4075,-63.2402,74.25,29,100,6.76
491,Kalach-Na-Donu,RU,2022-09-28 19:08:20,48.691,43.5264,63.12,83,83,11.1
492,Morros,BR,2022-09-28 19:08:20,-9.4467,-46.3003,96.39,15,8,7.4
493,Hendaye,FR,2022-09-28 19:08:22,43.3717,-1.7738,62.55,81,75,11.5
494,Baturaja,ID,2022-09-28 19:08:22,-4.1333,104.1667,73.9,95,100,2.04
495,Chak Jhumra,PK,2022-09-28 19:08:22,31.5678,73.1835,81.7,49,0,7.14
496,Save,BJ,2022-09-28 19:08:23,8.0425,2.486,72.01,96,97,5.14
497,Novokizhinginsk,RU,2022-09-28 19:08:23,51.6115,109.5917,36.99,87,100,9.24
498,Baykit,RU,2022-09-28 19:08:24,61.67,96.37,29.48,87,100,5.86
499,Hingoli,IN,2022-09-28 19:06:18,19.7167,77.15,74.52,88,100,5.39
500,Arman,RU,2022-09-28 19:08:24,59.7,150.1667,39.02,93,100,8.21
501,Rancho Palos Verdes,US,2022-09-28 19:08:25,33.7445,-118.387,96.42,79,20,9.22
502,Saint Peter,BB,2022-09-28 19:08:25,13.25,-59.6167,81.16,89,100,8.1
503,Miramar,US,2022-09-28 19:08:26,25.9873,-80.2323,85.01,79,75,32.21
504,San Jeronimo,PE,2022-09-28 19:08:26,-11.9472,-75.2829,65.5,37,23,6.64
505,Gambela,ET,2022-09-28 19:08:27,8.25,34.5833,73.08,85,100,3.76
506,Grindavik,IS,2022-09-28 19:08:27,63.8424,-22.4338,46.87,93,75,8.05
507,Shache,CN,2022-09-28 19:08:27,38.4167,77.2406,65.71,16,0,5.37
508,Vanimo,PG,2022-09-28 19:08:28,-2.6741,141.3028,75.67,89,87,4.88
509,Kesova Gora,RU,2022-09-28 19:08:28,57.5836,37.2922,42.22,96,100,8.72
510,Bowen,AU,2022-09-28 19:08:29,-20.0167,148.2333,66.0,93,100,8.72
511,Samarai,PG,2022-09-28 19:09:29,-10.6167,150.6667,81.28,81,89,14.56
512,Tazovskiy,RU,2022-09-28 19:09:30,67.4667,78.7,26.13,81,14,8.19
513,Kanye,BW,2022-09-28 19:09:30,-24.9667,25.3327,71.04,27,0,10.25
514,Buchanan,LR,2022-09-28 19:09:30,5.8808,-10.0467,76.24,89,100,6.33
515,Soyo,AO,2022-09-28 19:09:31,-6.1349,12.3689,74.75,82,5,8.34
516,Batagay,RU,2022-09-28 19:09:31,67.6333,134.6333,27.07,97,100,3.02
517,Linhares,BR,2022-09-28 19:09:32,-19.3911,-40.0722,84.07,52,56,10.2
518,Santiago Del Estero,AR,2022-09-28 19:09:32,-27.7951,-64.2615,61.54,73,100,5.46
519,Fukue,JP,2022-09-28 19:09:32,32.6881,128.8419,74.23,67,90,16.2
520,Chalus,IR,2022-09-28 19:09:34,36.655,51.4204,79.5,57,0,6.8
521,Ancud,CL,2022-09-28 19:05:28,-41.8697,-73.8203,69.22,65,0,5.08
522,Ballina,AU,2022-09-28 19:09:34,-28.8667,153.5667,59.02,62,100,7.92
523,Tuy Hoa,VN,2022-09-28 19:09:35,13.0833,109.3,75.78,88,98,6.35
524,Koungou,YT,2022-09-28 19:09:35,-12.7336,45.2042,73.11,78,0,6.91
525,Yeppoon,AU,2022-09-28 19:09:36,-23.1333,150.7333,64.18,91,100,7.74
526,Santa Fe,AR,2022-09-28 19:09:36,-31.6333,-60.7,78.03,32,100,11.99
527,Diapaga,BF,2022-09-28 19:09:37,12.0708,1.7889,77.11,75,53,1.1
528,Evanston,US,2022-09-28 19:05:04,42.0411,-87.6901,62.89,58,40,12.66
529,Riberalta,BO,2022-09-28 19:09:38,-10.9833,-66.1,98.8,41,75,9.22
530,College,US,2022-09-28 19:09:38,64.8569,-147.8028,47.07,61,75,10.36
531,Coihaique,CL,2022-09-28 19:05:14,-45.5752,-72.0662,66.15,26,0,6.91
532,Maniago,IT,2022-09-28 19:09:39,46.1706,12.7078,59.14,86,100,4.07
533,Vygonichi,RU,2022-09-28 19:09:40,53.0985,34.0673,50.11,100,100,0.0
534,Arrifes,PT,2022-09-28 19:09:40,37.7667,-25.7,70.23,73,75,9.22
535,Maarianhamina,AX,2022-09-28 19:09:40,60.0973,19.9348,51.66,71,20,11.5
536,Shatura,RU,2022-09-28 19:09:41,55.5725,39.5368,47.23,88,100,4.74
537,Ramgarh,IN,2022-09-28 19:09:41,23.6333,85.5167,78.85,82,99,2.28
538,Gizycko,PL,2022-09-28 19:09:42,54.0381,21.7644,46.85,88,80,6.73
539,Lukovetskiy,RU,2022-09-28 19:09:42,64.2956,41.9211,34.7,75,3,7.16
540,Nouakchott,MR,2022-09-28 19:09:43,18.0858,-15.9785,87.73,77,6,14.2
541,Loandjili,CG,2022-09-28 19:09:43,-4.7561,11.8578,75.72,80,92,6.71
542,Moroni,KM,2022-09-28 19:09:43,-11.7022,43.2551,74.55,74,0,3.71
543,Tenosique,MX,2022-09-28 19:09:44,17.4833,-91.4333,82.98,81,37,6.67
544,Ionia,US,2022-09-28 19:09:44,42.9873,-85.0711,55.24,71,100,4.61
545,Revelstoke,CA,2022-09-28 19:07:40,50.9832,-118.2023,78.21,33,100,2.08
546,Pascagoula,US,2022-09-28 19:09:45,30.3658,-88.5561,82.45,27,0,16.11
547,Lata,PT,2022-09-28 19:09:45,40.1629,-8.3327,62.92,87,100,5.79
548,Springbok,ZA,2022-09-28 19:09:46,-29.6643,17.8865,63.12,31,88,3.36
549,Osmena,PH,2022-09-28 19:09:46,10.5208,119.9258,79.61,83,100,6.2
550,Garanhuns,BR,2022-09-28 19:09:46,-8.8903,-36.4928,70.12,76,75,10.36
551,Ananas,HT,2022-09-28 19:09:47,19.2466,-71.9557,84.11,60,89,7.52
552,Rudnogorsk,RU,2022-09-28 19:09:47,57.2639,103.7519,30.6,99,100,2.86
553,Kota Tinggi,MY,2022-09-28 19:09:48,1.7381,103.8999,80.64,87,100,3.0
554,Bonthe,SL,2022-09-28 19:09:49,7.5264,-12.505,76.86,88,100,6.93
555,Urubicha,BO,2022-09-28 19:09:49,-15.3833,-62.95,88.36,45,92,8.86
556,Jacksonville,US,2022-09-28 19:09:50,30.3322,-81.6556,75.31,89,100,26.46
557,Bokoro,TD,2022-09-28 19:09:50,12.3807,17.0568,85.19,59,23,9.75
558,Moses Lake,US,2022-09-28 19:09:50,47.1301,-119.2781,73.89,45,0,3.44
559,Nehe,CN,2022-09-28 19:10:51,48.4833,124.8333,45.34,48,100,8.05
560,Msanga,TZ,2022-09-28 19:10:51,-6.05,36.0333,70.39,49,50,8.63
561,Ngunguru,NZ,2022-09-28 19:10:52,-35.6167,174.5,60.35,87,100,11.16
